{
  "judge_model": "claude-haiku-4-5-20251001",
  "K": 3,
  "n_units": 38,
  "per_run_accuracy": [
    0.8157894736842105,
    0.8157894736842105,
    0.7894736842105263
  ],
  "majority": {
    "accuracy": 0.8157894736842105,
    "precision": 0.9230769230769231,
    "recall": 0.8275862068965517,
    "f1": 0.8727272727272727,
    "kappa": 0.5429553264604811,
    "tp": 24,
    "fp": 2,
    "fn": 5,
    "tn": 7
  },
  "stability_unanimous": 37,
  "stability_frac": 0.9736842105263158,
  "judge_tokens": 51543
}